[
  {
    "area": 756950,
    "birth-rate": 15.23,
    "coastline": 0.85,
    "continent": "South America",
    "country": "Chile",
    "death-rate": 5.81,
    "gdp-per-capita": 9900.0,
    "infant-mortality": 8.8,
    "literacy": "96,2",
    "net-migration": 0.0,
    "phones": "213,0",
    "population": 16134219,
    "region": "LATIN AMER. & CARIB"
  },
  {
    "area": 665,
    "birth-rate": 17.8,
    "coastline": 24.21,
    "continent": "Asia",
    "country": "Bahrain",
    "death-rate": 4.14,
    "gdp-per-capita": 16900.0,
    "infant-mortality": 17.27,
    "literacy": "89,1",
    "net-migration": 1.05,
    "phones": "281,3",
    "population": 698585,
    "region": "NEAR EAST"
  },
  {
    "area": 22966,
    "birth-rate": 28.84,
    "coastline": 1.68,
    "continent": "North America",
    "country": "Belize",
    "death-rate": 5.72,
    "gdp-per-capita": 4900.0,
    "infant-mortality": 25.69,
    "literacy": "94,1",
    "net-migration": 0.0,
    "phones": "115,7",
    "population": 287730,
    "region": "LATIN AMER. & CARIB"
  },
  {
    "area": 582650,
    "birth-rate": 39.72,
    "coastline": 0.09,
    "continent": "Africa",
    "country": "Kenya",
    "death-rate": 14.02,
    "gdp-per-capita": 1000.0,
    "infant-mortality": 61.47,
    "literacy": "85,1",
    "net-migration": -0.1,
    "phones": "8,1",
    "population": 34707817,
    "region": "SUB-SAHARAN AFRICA"
  },
  {
    "area": 11854,
    "birth-rate": 33.05,
    "coastline": 3.12,
    "continent": "Australia",
    "country": "Marshall Islands",
    "death-rate": 4.78,
    "gdp-per-capita": 1600.0,
    "infant-mortality": 29.45,
    "literacy": "93,7",
    "net-migration": -6.04,
    "phones": "91,2",
    "population": 60422,
    "region": "OCEANIA"
  },
  {
    "area": 111370,
    "birth-rate": 44.77,
    "coastline": 0.52,
    "continent": "Africa",
    "country": "Liberia",
    "death-rate": 23.1,
    "gdp-per-capita": 1000.0,
    "infant-mortality": 128.87,
    "literacy": "57,5",
    "net-migration": 0.0,
    "phones": "2,3",
    "population": 3042004,
    "region": "SUB-SAHARAN AFRICA"
  },
  {
    "area": 504782,
    "birth-rate": 10.06,
    "coastline": 0.98,
    "continent": "Europe",
    "country": "Spain",
    "death-rate": 9.72,
    "gdp-per-capita": 22000.0,
    "infant-mortality": 4.42,
    "literacy": "97,9",
    "net-migration": 0.99,
    "phones": "453,5",
    "population": 40397842,
    "region": "WESTERN EUROPE"
  },
  {
    "area": 65610,
    "birth-rate": 15.51,
    "coastline": 2.04,
    "continent": "Asia",
    "country": "Sri Lanka",
    "death-rate": 6.52,
    "gdp-per-capita": 3700.0,
    "infant-mortality": 14.35,
    "literacy": "92,3",
    "net-migration": -1.31,
    "phones": "61,5",
    "population": 20222240,
    "region": "ASIA (EX. NEAR EAST)"
  },
  {
    "area": 212460,
    "birth-rate": 36.24,
    "coastline": 0.98,
    "continent": "Asia",
    "country": "Oman",
    "death-rate": 3.81,
    "gdp-per-capita": 13100.0,
    "infant-mortality": 19.51,
    "literacy": "75,8",
    "net-migration": 0.28,
    "phones": "85,5",
    "population": 3102229,
    "region": "NEAR EAST"
  },
  {
    "area": 316,
    "birth-rate": 10.22,
    "coastline": 62.28,
    "continent": "Europe",
    "country": "Malta",
    "death-rate": 8.1,
    "gdp-per-capita": 17700.0,
    "infant-mortality": 3.89,
    "literacy": "92,8",
    "net-migration": 2.07,
    "phones": "505,0",
    "population": 400214,
    "region": "WESTERN EUROPE"
  },
  {
    "area": 185180,
    "birth-rate": 27.76,
    "coastline": 0.1,
    "continent": "Asia",
    "country": "Syria",
    "death-rate": 4.81,
    "gdp-per-capita": 3300.0,
    "infant-mortality": 29.53,
    "literacy": "76,9",
    "net-migration": 0.0,
    "phones": "153,8",
    "population": 18881361,
    "region": "NEAR EAST"
  },
  {
    "area": 1759540,
    "birth-rate": 26.49,
    "coastline": 0.1,
    "continent": "Africa",
    "country": "Libya",
    "death-rate": 3.48,
    "gdp-per-capita": 6400.0,
    "infant-mortality": 24.6,
    "literacy": "82,6",
    "net-migration": 0.0,
    "phones": "127,1",
    "population": 5900754,
    "region": "NORTHERN AFRICA"
  },
  {
    "area": 752614,
    "birth-rate": 41.0,
    "coastline": 0.0,
    "continent": "Africa",
    "country": "Zambia",
    "death-rate": 19.93,
    "gdp-per-capita": 800.0,
    "infant-mortality": 88.29,
    "literacy": "80,6",
    "net-migration": 0.0,
    "phones": "8,2",
    "population": 11502010,
    "region": "SUB-SAHARAN AFRICA"
  },
  {
    "area": 10991,
    "birth-rate": 20.82,
    "coastline": 9.3,
    "continent": "North America",
    "country": "Jamaica",
    "death-rate": 6.52,
    "gdp-per-capita": 3900.0,
    "infant-mortality": 12.36,
    "literacy": "87,9",
    "net-migration": -4.92,
    "phones": "124,0",
    "population": 2758124,
    "region": "LATIN AMER. & CARIB"
  },
  {
    "area": 447400,
    "birth-rate": 26.36,
    "coastline": 0.0,
    "continent": "Asia",
    "country": "Uzbekistan",
    "death-rate": 7.84,
    "gdp-per-capita": 1700.0,
    "infant-mortality": 71.1,
    "literacy": "99,3",
    "net-migration": -1.72,
    "phones": "62,9",
    "population": 27307134,
    "region": "C.W. OF IND. STATES"
  },
  {
    "area": 61,
    "birth-rate": 10.02,
    "coastline": 0.0,
    "continent": "Europe",
    "country": "San Marino",
    "death-rate": 8.17,
    "gdp-per-capita": 34600.0,
    "infant-mortality": 5.73,
    "literacy": "96,0",
    "net-migration": 10.98,
    "phones": "704,3",
    "population": 29251,
    "region": "WESTERN EUROPE"
  },
  {
    "area": 488100,
    "birth-rate": 27.61,
    "coastline": 0.0,
    "continent": "Asia",
    "country": "Turkmenistan",
    "death-rate": 8.6,
    "gdp-per-capita": 5800.0,
    "infant-mortality": 73.08,
    "literacy": "98,0",
    "net-migration": -0.86,
    "phones": "74,6",
    "population": 5042920,
    "region": "C.W. OF IND. STATES"
  },
  {
    "area": 33843,
    "birth-rate": 15.7,
    "coastline": 0.0,
    "continent": "Europe",
    "country": "Moldova",
    "death-rate": 12.64,
    "gdp-per-capita": 1800.0,
    "infant-mortality": 40.42,
    "literacy": "99,1",
    "net-migration": -0.26,
    "phones": "208,1",
    "population": 4466706,
    "region": "C.W. OF IND. STATES"
  },
  {
    "area": 28748,
    "birth-rate": 15.11,
    "coastline": 1.26,
    "continent": "Europe",
    "country": "Albania",
    "death-rate": 5.22,
    "gdp-per-capita": 4500.0,
    "infant-mortality": 21.52,
    "literacy": "86,5",
    "net-migration": -4.93,
    "phones": "71,2",
    "population": 3581655,
    "region": "EASTERN EUROPE"
  },
  {
    "area": 53,
    "birth-rate": 11.4,
    "coastline": 194.34,
    "continent": "North America",
    "country": "Bermuda",
    "death-rate": 7.74,
    "gdp-per-capita": 36000.0,
    "infant-mortality": 8.53,
    "literacy": "98,0",
    "net-migration": 2.49,
    "phones": "851,4",
    "population": 65773,
    "region": "NORTHERN AMERICA"
  },
  {
    "area": 803940,
    "birth-rate": 29.74,
    "coastline": 0.13,
    "continent": "Asia",
    "country": "Pakistan",
    "death-rate": 8.23,
    "gdp-per-capita": 2100.0,
    "infant-mortality": 72.44,
    "literacy": "45,7",
    "net-migration": -2.77,
    "phones": "31,8",
    "population": 165803560,
    "region": "ASIA (EX. NEAR EAST)"
  },
  {
    "area": 30528,
    "birth-rate": 10.38,
    "coastline": 0.22,
    "continent": "Europe",
    "country": "Belgium",
    "death-rate": 10.27,
    "gdp-per-capita": 29100.0,
    "infant-mortality": 4.68,
    "literacy": "98,0",
    "net-migration": 1.23,
    "phones": "462,6",
    "population": 10379067,
    "region": "WESTERN EUROPE"
  },
  {
    "area": 47000,
    "birth-rate": 33.65,
    "coastline": 0.0,
    "continent": "Asia",
    "country": "Bhutan",
    "death-rate": 12.7,
    "gdp-per-capita": 1300.0,
    "infant-mortality": 100.44,
    "literacy": "42,2",
    "net-migration": 0.0,
    "phones": "14,3",
    "population": 2279723,
    "region": "ASIA (EX. NEAR EAST)"
  },
  {
    "area": 587040,
    "birth-rate": 41.41,
    "coastline": 0.82,
    "continent": "Africa",
    "country": "Madagascar",
    "death-rate": 11.11,
    "gdp-per-capita": 800.0,
    "infant-mortality": 76.83,
    "literacy": "68,9",
    "net-migration": 0.0,
    "phones": "3,6",
    "population": 18595469,
    "region": "SUB-SAHARAN AFRICA"
  },
  {
    "area": 17363,
    "birth-rate": 27.41,
    "coastline": 0.0,
    "continent": "Africa",
    "country": "Swaziland",
    "death-rate": 29.74,
    "gdp-per-capita": 4900.0,
    "infant-mortality": 69.27,
    "literacy": "81,6",
    "net-migration": 0.0,
    "phones": "30,8",
    "population": 1136334,
    "region": "SUB-SAHARAN AFRICA"
  },
  {
    "area": 4167,
    "birth-rate": 16.68,
    "coastline": 60.6,
    "continent": "Australia",
    "country": "French Polynesia",
    "death-rate": 4.69,
    "gdp-per-capita": 17500.0,
    "infant-mortality": 8.44,
    "literacy": "98,0",
    "net-migration": 2.94,
    "phones": "194,5",
    "population": 274578,
    "region": "OCEANIA"
  },
  {
    "area": 64589,
    "birth-rate": 9.24,
    "coastline": 0.82,
    "continent": "Europe",
    "country": "Latvia",
    "death-rate": 13.66,
    "gdp-per-capita": 10200.0,
    "infant-mortality": 9.55,
    "literacy": "99,8",
    "net-migration": -2.23,
    "phones": "321,4",
    "population": 2274735,
    "region": "BALTICS"
  },
  {
    "area": 93030,
    "birth-rate": 9.72,
    "coastline": 0.0,
    "continent": "Europe",
    "country": "Hungary",
    "death-rate": 13.11,
    "gdp-per-capita": 13900.0,
    "infant-mortality": 8.57,
    "literacy": "99,4",
    "net-migration": 0.86,
    "phones": "336,2",
    "population": 9981334,
    "region": "EASTERN EUROPE"
  },
  {
    "area": 693,
    "birth-rate": 9.34,
    "coastline": 27.85,
    "continent": "Asia",
    "country": "Singapore",
    "death-rate": 4.28,
    "gdp-per-capita": 23700.0,
    "infant-mortality": 2.29,
    "literacy": "92,5",
    "net-migration": 11.53,
    "phones": "411,4",
    "population": 4492150,
    "region": "ASIA (EX. NEAR EAST)"
  },
  {
    "area": 160,
    "birth-rate": 10.21,
    "coastline": 0.0,
    "continent": "Europe",
    "country": "Liechtenstein",
    "death-rate": 7.18,
    "gdp-per-capita": 25000.0,
    "infant-mortality": 4.7,
    "literacy": "100,0",
    "net-migration": 4.85,
    "phones": "585,5",
    "population": 33987,
    "region": "WESTERN EUROPE"
  },
  {
    "area": 389,
    "birth-rate": 16.18,
    "coastline": 21.59,
    "continent": "North America",
    "country": "Saint Vincent and the Grenadines",
    "death-rate": 5.98,
    "gdp-per-capita": 2900.0,
    "infant-mortality": 14.78,
    "literacy": "96,0",
    "net-migration": -7.64,
    "phones": "190,9",
    "population": 117848,
    "region": "LATIN AMER. & CARIB"
  },
  {
    "area": 69700,
    "birth-rate": 10.41,
    "coastline": 0.44,
    "continent": "Europe",
    "country": "Georgia",
    "death-rate": 9.23,
    "gdp-per-capita": 2500.0,
    "infant-mortality": 18.59,
    "literacy": "99,0",
    "net-migration": -4.7,
    "phones": "146,6",
    "population": 4661473,
    "region": "C.W. OF IND. STATES"
  },
  {
    "area": 600370,
    "birth-rate": 23.08,
    "coastline": 0.0,
    "continent": "Africa",
    "country": "Botswana",
    "death-rate": 29.5,
    "gdp-per-capita": 9000.0,
    "infant-mortality": 54.58,
    "literacy": "79,8",
    "net-migration": 0.0,
    "phones": "80,5",
    "population": 1639833,
    "region": "SUB-SAHARAN AFRICA"
  },
  {
    "area": 2040,
    "birth-rate": 15.43,
    "coastline": 8.68,
    "continent": "Africa",
    "country": "Mauritius",
    "death-rate": 6.86,
    "gdp-per-capita": 11400.0,
    "infant-mortality": 15.03,
    "literacy": "85,6",
    "net-migration": -0.9,
    "phones": "289,3",
    "population": 1240827,
    "region": "SUB-SAHARAN AFRICA"
  },
  {
    "area": 214970,
    "birth-rate": 18.28,
    "coastline": 0.21,
    "continent": "South America",
    "country": "Guyana",
    "death-rate": 8.28,
    "gdp-per-capita": 4000.0,
    "infant-mortality": 33.26,
    "literacy": "98,8",
    "net-migration": -2.07,
    "phones": "143,5",
    "population": 767245,
    "region": "LATIN AMER. & CARIB"
  },
  {
    "area": 29800,
    "birth-rate": 12.07,
    "coastline": 0.0,
    "continent": "Europe",
    "country": "Armenia",
    "death-rate": 8.23,
    "gdp-per-capita": 3500.0,
    "infant-mortality": 23.28,
    "literacy": "98,6",
    "net-migration": -6.47,
    "phones": "195,7",
    "population": 2976372,
    "region": "C.W. OF IND. STATES"
  },
  {
    "area": 110860,
    "birth-rate": 11.89,
    "coastline": 3.37,
    "continent": "North America",
    "country": "Cuba",
    "death-rate": 7.22,
    "gdp-per-capita": 2900.0,
    "infant-mortality": 6.33,
    "literacy": "97,0",
    "net-migration": -1.58,
    "phones": "74,7",
    "population": 11382820,
    "region": "LATIN AMER. & CARIB"
  },
  {
    "area": 377835,
    "birth-rate": 9.37,
    "coastline": 7.87,
    "continent": "Asia",
    "country": "Japan",
    "death-rate": 9.16,
    "gdp-per-capita": 28200.0,
    "infant-mortality": 3.26,
    "literacy": "99,0",
    "net-migration": 0.0,
    "phones": "461,2",
    "population": 127463611,
    "region": "ASIA (EX. NEAR EAST)"
  },
  {
    "area": 780580,
    "birth-rate": 16.62,
    "coastline": 0.92,
    "continent": "Europe",
    "country": "Turkey",
    "death-rate": 5.97,
    "gdp-per-capita": 6700.0,
    "infant-mortality": 41.04,
    "literacy": "86,5",
    "net-migration": 0.0,
    "phones": "269,5",
    "population": 70413958,
    "region": "NEAR EAST"
  },
  {
    "area": 446550,
    "birth-rate": 21.98,
    "coastline": 0.41,
    "continent": "Africa",
    "country": "Morocco",
    "death-rate": 5.58,
    "gdp-per-capita": 4000.0,
    "infant-mortality": 41.62,
    "literacy": "51,7",
    "net-migration": -0.98,
    "phones": "40,4",
    "population": 33241259,
    "region": "NORTHERN AFRICA"
  },
  {
    "area": 35980,
    "birth-rate": 12.56,
    "coastline": 4.35,
    "continent": "Asia",
    "country": "Taiwan",
    "death-rate": 6.48,
    "gdp-per-capita": 23400.0,
    "infant-mortality": 6.4,
    "literacy": "96,1",
    "net-migration": 0.0,
    "phones": "591,0",
    "population": 23036087,
    "region": "ASIA (EX. NEAR EAST)"
  },
  {
    "area": 616,
    "birth-rate": 19.68,
    "coastline": 25.65,
    "continent": "North America",
    "country": "Saint Lucia",
    "death-rate": 5.08,
    "gdp-per-capita": 5400.0,
    "infant-mortality": 13.53,
    "literacy": "67,0",
    "net-migration": -2.67,
    "phones": "303,3",
    "population": 168458,
    "region": "LATIN AMER. & CARIB"
  },
  {
    "area": 1138910,
    "birth-rate": 20.48,
    "coastline": 0.28,
    "continent": "South America",
    "country": "Colombia",
    "death-rate": 5.58,
    "gdp-per-capita": 6300.0,
    "infant-mortality": 20.97,
    "literacy": "92,5",
    "net-migration": -0.31,
    "phones": "176,2",
    "population": 43593035,
    "region": "LATIN AMER. & CARIB"
  },
  {
    "area": 56542,
    "birth-rate": 9.61,
    "coastline": 10.32,
    "continent": "Europe",
    "country": "Croatia",
    "death-rate": 11.48,
    "gdp-per-capita": 10600.0,
    "infant-mortality": 6.84,
    "literacy": "98,5",
    "net-migration": 1.58,
    "phones": "420,4",
    "population": 4494749,
    "region": "EASTERN EUROPE"
  },
  {
    "area": 26338,
    "birth-rate": 40.37,
    "coastline": 0.0,
    "continent": "Africa",
    "country": "Rwanda",
    "death-rate": 16.09,
    "gdp-per-capita": 1300.0,
    "infant-mortality": 91.23,
    "literacy": "70,4",
    "net-migration": 0.0,
    "phones": "2,7",
    "population": 8648248,
    "region": "SUB-SAHARAN AFRICA"
  },
  {
    "area": 1030700,
    "birth-rate": 40.99,
    "coastline": 0.07,
    "continent": "Africa",
    "country": "Mauritania",
    "death-rate": 12.16,
    "gdp-per-capita": 1800.0,
    "infant-mortality": 70.89,
    "literacy": "41,7",
    "net-migration": 0.0,
    "phones": "12,9",
    "population": 3177388,
    "region": "SUB-SAHARAN AFRICA"
  },
  {
    "area": 196190,
    "birth-rate": 32.78,
    "coastline": 0.27,
    "continent": "Africa",
    "country": "Senegal",
    "death-rate": 9.42,
    "gdp-per-capita": 1600.0,
    "infant-mortality": 55.51,
    "literacy": "40,2",
    "net-migration": 0.2,
    "phones": "22,2",
    "population": 11987121,
    "region": "SUB-SAHARAN AFRICA"
  },
  {
    "area": 9631420,
    "birth-rate": 14.14,
    "coastline": 0.21,
    "continent": "North America",
    "country": "United States",
    "death-rate": 8.26,
    "gdp-per-capita": 37800.0,
    "infant-mortality": 6.5,
    "literacy": "97,0",
    "net-migration": 3.41,
    "phones": "898,0",
    "population": 298444215,
    "region": "NORTHERN AMERICA"
  },
  {
    "area": 102,
    "birth-rate": 14.17,
    "coastline": 59.8,
    "continent": "North America",
    "country": "Anguilla",
    "death-rate": 5.34,
    "gdp-per-capita": 8600.0,
    "infant-mortality": 21.03,
    "literacy": "95,0",
    "net-migration": 10.76,
    "phones": "460,0",
    "population": 13477,
    "region": "LATIN AMER. & CARIB"
  },
  {
    "area": 801590,
    "birth-rate": 35.18,
    "coastline": 0.31,
    "continent": "Africa",
    "country": "Mozambique",
    "death-rate": 21.35,
    "gdp-per-capita": 1200.0,
    "infant-mortality": 130.79,
    "literacy": "47,8",
    "net-migration": 0.0,
    "phones": "3,5",
    "population": 19686505,
    "region": "SUB-SAHARAN AFRICA"
  },
  {
    "area": 603700,
    "birth-rate": 8.82,
    "coastline": 0.46,
    "continent": "Europe",
    "country": "Ukraine",
    "death-rate": 14.39,
    "gdp-per-capita": 5400.0,
    "infant-mortality": 20.34,
    "literacy": "99,7",
    "net-migration": -0.39,
    "phones": "259,9",
    "population": 46710816,
    "region": "C.W. OF IND. STATES"
  },
  {
    "area": 41290,
    "birth-rate": 9.71,
    "coastline": 0.0,
    "continent": "Europe",
    "country": "Switzerland",
    "death-rate": 8.49,
    "gdp-per-capita": 32700.0,
    "infant-mortality": 4.39,
    "literacy": "99,0",
    "net-migration": 4.05,
    "phones": "680,9",
    "population": 7523934,
    "region": "WESTERN EUROPE"
  },
  {
    "area": 147181,
    "birth-rate": 30.98,
    "coastline": 0.0,
    "continent": "Asia",
    "country": "Nepal",
    "death-rate": 9.31,
    "gdp-per-capita": 1400.0,
    "infant-mortality": 66.98,
    "literacy": "45,2",
    "net-migration": 0.0,
    "phones": "15,9",
    "population": 28287147,
    "region": "ASIA (EX. NEAR EAST)"
  },
  {
    "area": 268680,
    "birth-rate": 13.76,
    "coastline": 5.63,
    "continent": "Australia",
    "country": "New Zealand",
    "death-rate": 7.53,
    "gdp-per-capita": 21600.0,
    "infant-mortality": 5.85,
    "literacy": "99,0",
    "net-migration": 4.05,
    "phones": "441,7",
    "population": 4076140,
    "region": "OCEANIA"
  },
  {
    "area": 112620,
    "birth-rate": 38.85,
    "coastline": 0.11,
    "continent": "Africa",
    "country": "Benin",
    "death-rate": 12.22,
    "gdp-per-capita": 1100.0,
    "infant-mortality": 85.0,
    "literacy": "40,9",
    "net-migration": 0.0,
    "phones": "9,7",
    "population": 7862944,
    "region": "SUB-SAHARAN AFRICA"
  },
  {
    "area": 244820,
    "birth-rate": 10.71,
    "coastline": 5.08,
    "continent": "Europe",
    "country": "United Kingdom",
    "death-rate": 10.13,
    "gdp-per-capita": 27700.0,
    "infant-mortality": 5.16,
    "literacy": "99,0",
    "net-migration": 2.19,
    "phones": "543,5",
    "population": 60609153,
    "region": "WESTERN EUROPE"
  },
  {
    "area": 12200,
    "birth-rate": 22.72,
    "coastline": 20.72,
    "continent": "Australia",
    "country": "Vanuatu",
    "death-rate": 7.82,
    "gdp-per-capita": 2900.0,
    "infant-mortality": 55.16,
    "literacy": "53,0",
    "net-migration": 0.0,
    "phones": "32,6",
    "population": 208869,
    "region": "OCEANIA"
  },
  {
    "area": 92300,
    "birth-rate": 21.25,
    "coastline": 0.03,
    "continent": "Asia",
    "country": "Jordan",
    "death-rate": 2.65,
    "gdp-per-capita": 4300.0,
    "infant-mortality": 17.35,
    "literacy": "91,3",
    "net-migration": 6.59,
    "phones": "104,5",
    "population": 5906760,
    "region": "NEAR EAST"
  },
  {
    "area": 458,
    "birth-rate": 18.03,
    "coastline": 331.66,
    "continent": "Australia",
    "country": "Palau",
    "death-rate": 6.8,
    "gdp-per-capita": 9000.0,
    "infant-mortality": 14.84,
    "literacy": "92,0",
    "net-migration": 2.85,
    "phones": "325,6",
    "population": 20579,
    "region": "OCEANIA"
  },
  {
    "area": 2,
    "birth-rate": 9.19,
    "coastline": 205.0,
    "continent": "Europe",
    "country": "Monaco",
    "death-rate": 12.91,
    "gdp-per-capita": 27000.0,
    "infant-mortality": 5.43,
    "literacy": "99,0",
    "net-migration": 7.75,
    "phones": "1035,6",
    "population": 32543,
    "region": "WESTERN EUROPE"
  },
  {
    "area": 1960582,
    "birth-rate": 29.34,
    "coastline": 0.13,
    "continent": "Asia",
    "country": "Saudi Arabia",
    "death-rate": 2.58,
    "gdp-per-capita": 11800.0,
    "infant-mortality": 13.24,
    "literacy": "78,8",
    "net-migration": -2.71,
    "phones": "140,6",
    "population": 27019731,
    "region": "NEAR EAST"
  },
  {
    "area": 344,
    "birth-rate": 22.08,
    "coastline": 35.17,
    "continent": "North America",
    "country": "Grenada",
    "death-rate": 6.88,
    "gdp-per-capita": 5000.0,
    "infant-mortality": 14.62,
    "literacy": "98,0",
    "net-migration": -13.92,
    "phones": "364,5",
    "population": 89703,
    "region": "LATIN AMER. & CARIB"
  },
  {
    "area": 30355,
    "birth-rate": 24.75,
    "coastline": 0.0,
    "continent": "Africa",
    "country": "Lesotho",
    "death-rate": 28.71,
    "gdp-per-capita": 3000.0,
    "infant-mortality": 84.23,
    "literacy": "84,8",
    "net-migration": -0.74,
    "phones": "23,7",
    "population": 2022331,
    "region": "SUB-SAHARAN AFRICA"
  },
  {
    "area": 48730,
    "birth-rate": 23.22,
    "coastline": 2.64,
    "continent": "North America",
    "country": "Dominican Republic",
    "death-rate": 5.73,
    "gdp-per-capita": 6000.0,
    "infant-mortality": 32.38,
    "literacy": "84,7",
    "net-migration": -3.22,
    "phones": "97,4",
    "population": 9183984,
    "region": "LATIN AMER. & CARIB"
  },
  {
    "area": 163270,
    "birth-rate": 18.02,
    "coastline": 0.24,
    "continent": "South America",
    "country": "Suriname",
    "death-rate": 7.27,
    "gdp-per-capita": 4000.0,
    "infant-mortality": 23.57,
    "literacy": "93,0",
    "net-migration": -8.81,
    "phones": "184,7",
    "population": 439117,
    "region": "LATIN AMER. & CARIB"
  },
  {
    "area": 647500,
    "birth-rate": 46.6,
    "coastline": 0.0,
    "continent": "Asia",
    "country": "Afghanistan",
    "death-rate": 20.34,
    "gdp-per-capita": 700.0,
    "infant-mortality": 163.07,
    "literacy": "36,0",
    "net-migration": 23.06,
    "phones": "3,2",
    "population": 31056997,
    "region": "ASIA (EX. NEAR EAST)"
  },
  {
    "area": 8511965,
    "birth-rate": 16.56,
    "coastline": 0.09,
    "continent": "South America",
    "country": "Brazil",
    "death-rate": 6.17,
    "gdp-per-capita": 7600.0,
    "infant-mortality": 29.61,
    "literacy": "86,4",
    "net-migration": -0.03,
    "phones": "225,3",
    "population": 188078227,
    "region": "LATIN AMER. & CARIB"
  },
  {
    "area": 129494,
    "birth-rate": 24.51,
    "coastline": 0.7,
    "continent": "North America",
    "country": "Nicaragua",
    "death-rate": 4.45,
    "gdp-per-capita": 2300.0,
    "infant-mortality": 29.11,
    "literacy": "67,5",
    "net-migration": -1.22,
    "phones": "39,7",
    "population": 5570129,
    "region": "LATIN AMER. & CARIB"
  },
  {
    "area": 1001450,
    "birth-rate": 22.94,
    "coastline": 0.24,
    "continent": "Africa",
    "country": "Egypt",
    "death-rate": 5.23,
    "gdp-per-capita": 4000.0,
    "infant-mortality": 32.59,
    "literacy": "57,7",
    "net-migration": -0.22,
    "phones": "131,8",
    "population": 78887007,
    "region": "NORTHERN AFRICA"
  },
  {
    "area": 437072,
    "birth-rate": 31.98,
    "coastline": 0.01,
    "continent": "Asia",
    "country": "Iraq",
    "death-rate": 5.37,
    "gdp-per-capita": 1500.0,
    "infant-mortality": 50.25,
    "literacy": "40,4",
    "net-migration": 0.0,
    "phones": "38,6",
    "population": 26783383,
    "region": "NEAR EAST"
  },
  {
    "area": 9596960,
    "birth-rate": 13.25,
    "coastline": 0.15,
    "continent": "Asia",
    "country": "China",
    "death-rate": 6.97,
    "gdp-per-capita": 5000.0,
    "infant-mortality": 24.18,
    "literacy": "90,9",
    "net-migration": -0.4,
    "phones": "266,7",
    "population": 1313973713,
    "region": "ASIA (EX. NEAR EAST)"
  },
  {
    "area": 431,
    "birth-rate": 12.71,
    "coastline": 22.51,
    "continent": "North America",
    "country": "Barbados",
    "death-rate": 8.67,
    "gdp-per-capita": 15700.0,
    "infant-mortality": 12.5,
    "literacy": "97,4",
    "net-migration": -0.31,
    "phones": "481,9",
    "population": 279912,
    "region": "LATIN AMER. & CARIB"
  },
  {
    "area": 1267000,
    "birth-rate": 50.73,
    "coastline": 0.0,
    "continent": "Africa",
    "country": "Niger",
    "death-rate": 20.91,
    "gdp-per-capita": 800.0,
    "infant-mortality": 121.69,
    "literacy": "17,6",
    "net-migration": -0.67,
    "phones": "1,9",
    "population": 12525094,
    "region": "SUB-SAHARAN AFRICA"
  },
  {
    "area": 357021,
    "birth-rate": 8.25,
    "coastline": 0.67,
    "continent": "Europe",
    "country": "Germany",
    "death-rate": 10.62,
    "gdp-per-capita": 27600.0,
    "infant-mortality": 4.16,
    "literacy": "99,0",
    "net-migration": 2.18,
    "phones": "667,9",
    "population": 82422299,
    "region": "WESTERN EUROPE"
  },
  {
    "area": 462840,
    "birth-rate": 29.36,
    "coastline": 1.11,
    "continent": "Australia",
    "country": "Papua New Guinea",
    "death-rate": 7.25,
    "gdp-per-capita": 2200.0,
    "infant-mortality": 51.45,
    "literacy": "64,6",
    "net-migration": 0.0,
    "phones": "10,9",
    "population": 5670544,
    "region": "OCEANIA"
  },
  {
    "area": 41526,
    "birth-rate": 10.9,
    "coastline": 1.09,
    "continent": "Europe",
    "country": "Netherlands",
    "death-rate": 8.68,
    "gdp-per-capita": 28600.0,
    "infant-mortality": 5.04,
    "literacy": "99,0",
    "net-migration": 2.91,
    "phones": "460,8",
    "population": 16491461,
    "region": "WESTERN EUROPE"
  },
  {
    "area": 43094,
    "birth-rate": 11.13,
    "coastline": 16.97,
    "continent": "Europe",
    "country": "Denmark",
    "death-rate": 10.36,
    "gdp-per-capita": 31100.0,
    "infant-mortality": 4.56,
    "literacy": "100,0",
    "net-migration": 2.48,
    "phones": "614,6",
    "population": 5450661,
    "region": "WESTERN EUROPE"
  },
  {
    "area": 236800,
    "birth-rate": 35.49,
    "coastline": 0.0,
    "continent": "Asia",
    "country": "Laos",
    "death-rate": 11.55,
    "gdp-per-capita": 1700.0,
    "infant-mortality": 85.22,
    "literacy": "66,4",
    "net-migration": 0.0,
    "phones": "14,1",
    "population": 6368481,
    "region": "ASIA (EX. NEAR EAST)"
  },
  {
    "area": 413,
    "birth-rate": 12.13,
    "coastline": 14.53,
    "continent": "Africa",
    "country": "Saint Helena",
    "death-rate": 6.53,
    "gdp-per-capita": 2500.0,
    "infant-mortality": 19.0,
    "literacy": "97,0",
    "net-migration": 0.0,
    "phones": "293,3",
    "population": 7502,
    "region": "SUB-SAHARAN AFRICA"
  },
  {
    "area": 455,
    "birth-rate": 16.03,
    "coastline": 107.91,
    "continent": "Africa",
    "country": "Seychelles",
    "death-rate": 6.29,
    "gdp-per-capita": 7800.0,
    "infant-mortality": 15.53,
    "literacy": "58,0",
    "net-migration": -5.69,
    "phones": "262,4",
    "population": 81541,
    "region": "SUB-SAHARAN AFRICA"
  },
  {
    "area": 131940,
    "birth-rate": 9.68,
    "coastline": 10.37,
    "continent": "Europe",
    "country": "Greece",
    "death-rate": 10.24,
    "gdp-per-capita": 20000.0,
    "infant-mortality": 5.53,
    "literacy": "97,5",
    "net-migration": 2.35,
    "phones": "589,7",
    "population": 10688058,
    "region": "WESTERN EUROPE"
  },
  {
    "area": 4033,
    "birth-rate": 24.87,
    "coastline": 23.93,
    "continent": "Africa",
    "country": "Cape Verde",
    "death-rate": 6.55,
    "gdp-per-capita": 1400.0,
    "infant-mortality": 47.77,
    "literacy": "76,6",
    "net-migration": -12.07,
    "phones": "169,6",
    "population": 420979,
    "region": "SUB-SAHARAN AFRICA"
  },
  {
    "area": 207600,
    "birth-rate": 11.16,
    "coastline": 0.0,
    "continent": "Europe",
    "country": "Belarus",
    "death-rate": 14.02,
    "gdp-per-capita": 6100.0,
    "infant-mortality": 13.37,
    "literacy": "99,6",
    "net-migration": 2.54,
    "phones": "319,1",
    "population": 10293011,
    "region": "C.W. OF IND. STATES"
  },
  {
    "area": 2505810,
    "birth-rate": 34.53,
    "coastline": 0.03,
    "continent": "Africa",
    "country": "Sudan",
    "death-rate": 8.97,
    "gdp-per-capita": 1900.0,
    "infant-mortality": 62.5,
    "literacy": "61,1",
    "net-migration": -0.02,
    "phones": "16,3",
    "population": 41236378,
    "region": "SUB-SAHARAN AFRICA"
  },
  {
    "area": 754,
    "birth-rate": 15.27,
    "coastline": 19.63,
    "continent": "North America",
    "country": "Dominica",
    "death-rate": 6.73,
    "gdp-per-capita": 5400.0,
    "infant-mortality": 14.15,
    "literacy": "94,0",
    "net-migration": -13.87,
    "phones": "304,8",
    "population": 68910,
    "region": "LATIN AMER. & CARIB"
  },
  {
    "area": 1098580,
    "birth-rate": 23.3,
    "coastline": 0.0,
    "continent": "South America",
    "country": "Bolivia",
    "death-rate": 7.53,
    "gdp-per-capita": 2400.0,
    "infant-mortality": 53.11,
    "literacy": "87,2",
    "net-migration": -1.32,
    "phones": "71,9",
    "population": 8989046,
    "region": "LATIN AMER. & CARIB"
  },
  {
    "area": 143100,
    "birth-rate": 32.65,
    "coastline": 0.0,
    "continent": "Asia",
    "country": "Tajikistan",
    "death-rate": 8.25,
    "gdp-per-capita": 1000.0,
    "infant-mortality": 110.76,
    "literacy": "99,4",
    "net-migration": -2.86,
    "phones": "33,5",
    "population": 7320815,
    "region": "C.W. OF IND. STATES"
  },
  {
    "area": 83870,
    "birth-rate": 8.74,
    "coastline": 0.0,
    "continent": "Europe",
    "country": "Austria",
    "death-rate": 9.76,
    "gdp-per-capita": 30000.0,
    "infant-mortality": 4.66,
    "literacy": "98,0",
    "net-migration": 2.0,
    "phones": "452,2",
    "population": 8192880,
    "region": "WESTERN EUROPE"
  },
  {
    "area": 1648000,
    "birth-rate": 17.0,
    "coastline": 0.15,
    "continent": "Asia",
    "country": "Iran",
    "death-rate": 5.55,
    "gdp-per-capita": 7000.0,
    "infant-mortality": 41.58,
    "literacy": "79,4",
    "net-migration": -0.84,
    "phones": "276,4",
    "population": 68688433,
    "region": "ASIA (EX. NEAR EAST)"
  },
  {
    "area": 51100,
    "birth-rate": 18.32,
    "coastline": 2.52,
    "continent": "North America",
    "country": "Costa Rica",
    "death-rate": 4.36,
    "gdp-per-capita": 9100.0,
    "infant-mortality": 9.95,
    "literacy": "96,0",
    "net-migration": 0.51,
    "phones": "340,7",
    "population": 4075261,
    "region": "LATIN AMER. & CARIB"
  },
  {
    "area": 56785,
    "birth-rate": 37.01,
    "coastline": 0.1,
    "continent": "Africa",
    "country": "Togo",
    "death-rate": 9.83,
    "gdp-per-capita": 1500.0,
    "infant-mortality": 66.61,
    "literacy": "60,9",
    "net-migration": 0.0,
    "phones": "10,6",
    "population": 5548702,
    "region": "SUB-SAHARAN AFRICA"
  },
  {
    "area": 912050,
    "birth-rate": 18.71,
    "coastline": 0.31,
    "continent": "South America",
    "country": "Venezuela",
    "death-rate": 4.92,
    "gdp-per-capita": 4800.0,
    "infant-mortality": 22.2,
    "literacy": "93,4",
    "net-migration": -0.04,
    "phones": "140,1",
    "population": 25730435,
    "region": "LATIN AMER. & CARIB"
  },
  {
    "area": 312685,
    "birth-rate": 9.85,
    "coastline": 0.16,
    "continent": "Europe",
    "country": "Poland",
    "death-rate": 9.89,
    "gdp-per-capita": 11100.0,
    "infant-mortality": 8.51,
    "literacy": "99,8",
    "net-migration": -0.49,
    "phones": "306,3",
    "population": 38536869,
    "region": "EASTERN EUROPE"
  },
  {
    "area": 71740,
    "birth-rate": 45.76,
    "coastline": 0.56,
    "continent": "Africa",
    "country": "Sierra Leone",
    "death-rate": 23.03,
    "gdp-per-capita": 500.0,
    "infant-mortality": 143.64,
    "literacy": "31,4",
    "net-migration": 0.0,
    "phones": "4,0",
    "population": 6005250,
    "region": "SUB-SAHARAN AFRICA"
  },
  {
    "area": 547030,
    "birth-rate": 11.99,
    "coastline": 0.63,
    "continent": "Europe",
    "country": "France",
    "death-rate": 9.14,
    "gdp-per-capita": 27600.0,
    "infant-mortality": 4.26,
    "literacy": "99,0",
    "net-migration": 0.66,
    "phones": "586,4",
    "population": 60876136,
    "region": "WESTERN EUROPE"
  },
  {
    "area": 108890,
    "birth-rate": 29.88,
    "coastline": 0.37,
    "continent": "North America",
    "country": "Guatemala",
    "death-rate": 5.2,
    "gdp-per-capita": 4100.0,
    "infant-mortality": 35.93,
    "literacy": "70,6",
    "net-migration": -1.67,
    "phones": "92,1",
    "population": 12293545,
    "region": "LATIN AMER. & CARIB"
  },
  {
    "area": 110910,
    "birth-rate": 9.65,
    "coastline": 0.32,
    "continent": "Europe",
    "country": "Bulgaria",
    "death-rate": 14.27,
    "gdp-per-capita": 7600.0,
    "infant-mortality": 20.55,
    "literacy": "98,6",
    "net-migration": -4.58,
    "phones": "336,3",
    "population": 7385367,
    "region": "EASTERN EUROPE"
  },
  {
    "area": 17820,
    "birth-rate": 21.94,
    "coastline": 2.8,
    "continent": "Asia",
    "country": "Kuwait",
    "death-rate": 2.41,
    "gdp-per-capita": 19000.0,
    "infant-mortality": 9.95,
    "literacy": "83,5",
    "net-migration": 14.18,
    "phones": "211,0",
    "population": 2418393,
    "region": "NEAR EAST"
  },
  {
    "area": 1219912,
    "birth-rate": 18.2,
    "coastline": 0.23,
    "continent": "Africa",
    "country": "South Africa",
    "death-rate": 22.0,
    "gdp-per-capita": 10700.0,
    "infant-mortality": 61.81,
    "literacy": "86,4",
    "net-migration": -0.29,
    "phones": "107,0",
    "population": 44187637,
    "region": "SUB-SAHARAN AFRICA"
  },
  {
    "area": 20770,
    "birth-rate": 17.97,
    "coastline": 1.31,
    "continent": "Asia",
    "country": "Israel",
    "death-rate": 6.18,
    "gdp-per-capita": 19800.0,
    "infant-mortality": 7.03,
    "literacy": "95,4",
    "net-migration": 0.68,
    "phones": "462,3",
    "population": 6352117,
    "region": "NEAR EAST"
  },
  {
    "area": 2586,
    "birth-rate": 11.94,
    "coastline": 0.0,
    "continent": "Europe",
    "country": "Luxembourg",
    "death-rate": 8.41,
    "gdp-per-capita": 55100.0,
    "infant-mortality": 4.81,
    "literacy": "100,0",
    "net-migration": 8.97,
    "phones": "515,4",
    "population": 474413,
    "region": "WESTERN EUROPE"
  },
  {
    "area": 300000,
    "birth-rate": 24.89,
    "coastline": 12.1,
    "continent": "Asia",
    "country": "Philippines",
    "death-rate": 5.41,
    "gdp-per-capita": 4600.0,
    "infant-mortality": 23.51,
    "literacy": "92,6",
    "net-migration": -1.5,
    "phones": "38,4",
    "population": 89468677,
    "region": "ASIA (EX. NEAR EAST)"
  },
  {
    "area": 92391,
    "birth-rate": 10.72,
    "coastline": 1.94,
    "continent": "Europe",
    "country": "Portugal",
    "death-rate": 10.5,
    "gdp-per-capita": 18000.0,
    "infant-mortality": 5.05,
    "literacy": "93,3",
    "net-migration": 3.57,
    "phones": "399,2",
    "population": 10605870,
    "region": "WESTERN EUROPE"
  },
  {
    "area": 163610,
    "birth-rate": 15.52,
    "coastline": 0.7,
    "continent": "Africa",
    "country": "Tunisia",
    "death-rate": 5.13,
    "gdp-per-capita": 6900.0,
    "infant-mortality": 24.77,
    "literacy": "74,2",
    "net-migration": -0.57,
    "phones": "123,6",
    "population": 10175014,
    "region": "NORTHERN AFRICA"
  },
  {
    "area": 2766890,
    "birth-rate": 16.73,
    "coastline": 0.18,
    "continent": "South America",
    "country": "Argentina",
    "death-rate": 7.55,
    "gdp-per-capita": 11200.0,
    "infant-mortality": 15.18,
    "literacy": "97,1",
    "net-migration": 0.61,
    "phones": "220,4",
    "population": 39921833,
    "region": "LATIN AMER. & CARIB"
  },
  {
    "area": 28051,
    "birth-rate": 35.59,
    "coastline": 1.06,
    "continent": "Africa",
    "country": "Equatorial Guinea",
    "death-rate": 15.06,
    "gdp-per-capita": 2700.0,
    "infant-mortality": 85.13,
    "literacy": "85,7",
    "net-migration": 0.0,
    "phones": "18,5",
    "population": 540109,
    "region": "SUB-SAHARAN AFRICA"
  },
  {
    "area": 65200,
    "birth-rate": 8.75,
    "coastline": 0.14,
    "continent": "Europe",
    "country": "Lithuania",
    "death-rate": 10.98,
    "gdp-per-capita": 11400.0,
    "infant-mortality": 6.89,
    "literacy": "99,6",
    "net-migration": -0.71,
    "phones": "223,4",
    "population": 3585906,
    "region": "BALTICS"
  },
  {
    "area": 45226,
    "birth-rate": 10.04,
    "coastline": 8.39,
    "continent": "Europe",
    "country": "Estonia",
    "death-rate": 13.25,
    "gdp-per-capita": 12300.0,
    "infant-mortality": 7.87,
    "literacy": "99,8",
    "net-migration": -3.16,
    "phones": "333,8",
    "population": 1324333,
    "region": "BALTICS"
  },
  {
    "area": 1127127,
    "birth-rate": 37.98,
    "coastline": 0.0,
    "continent": "Africa",
    "country": "Ethiopia",
    "death-rate": 14.86,
    "gdp-per-capita": 700.0,
    "infant-mortality": 95.32,
    "literacy": "42,7",
    "net-migration": 0.0,
    "phones": "8,2",
    "population": 74777981,
    "region": "SUB-SAHARAN AFRICA"
  },
  {
    "area": 144000,
    "birth-rate": 29.8,
    "coastline": 0.4,
    "continent": "Asia",
    "country": "Bangladesh",
    "death-rate": 8.27,
    "gdp-per-capita": 1900.0,
    "infant-mortality": 62.6,
    "literacy": "43,1",
    "net-migration": -0.71,
    "phones": "7,3",
    "population": 147365352,
    "region": "ASIA (EX. NEAR EAST)"
  },
  {
    "area": 541,
    "birth-rate": 18.79,
    "coastline": 23.2,
    "continent": "Australia",
    "country": "Guam",
    "death-rate": 4.48,
    "gdp-per-capita": 21000.0,
    "infant-mortality": 6.94,
    "literacy": "99,0",
    "net-migration": 0.0,
    "phones": "492,0",
    "population": 171019,
    "region": "OCEANIA"
  },
  {
    "area": 1285220,
    "birth-rate": 20.48,
    "coastline": 0.19,
    "continent": "South America",
    "country": "Peru",
    "death-rate": 6.23,
    "gdp-per-capita": 5100.0,
    "infant-mortality": 31.94,
    "literacy": "90,9",
    "net-migration": -1.05,
    "phones": "79,5",
    "population": 28302603,
    "region": "LATIN AMER. & CARIB"
  },
  {
    "area": 245857,
    "birth-rate": 41.76,
    "coastline": 0.13,
    "continent": "Africa",
    "country": "Guinea",
    "death-rate": 15.48,
    "gdp-per-capita": 2100.0,
    "infant-mortality": 90.37,
    "literacy": "35,9",
    "net-migration": -3.06,
    "phones": "2,7",
    "population": 9690222,
    "region": "SUB-SAHARAN AFRICA"
  },
  {
    "area": 78200,
    "birth-rate": 21.74,
    "coastline": 3.18,
    "continent": "North America",
    "country": "Panama",
    "death-rate": 5.36,
    "gdp-per-capita": 6300.0,
    "infant-mortality": 20.47,
    "literacy": "92,6",
    "net-migration": -0.91,
    "phones": "137,9",
    "population": 3191319,
    "region": "LATIN AMER. & CARIB"
  },
  {
    "area": 21040,
    "birth-rate": 26.61,
    "coastline": 1.46,
    "continent": "North America",
    "country": "El Salvador",
    "death-rate": 5.78,
    "gdp-per-capita": 4800.0,
    "infant-mortality": 25.1,
    "literacy": "80,2",
    "net-migration": -3.74,
    "phones": "142,4",
    "population": 6822378,
    "region": "LATIN AMER. & CARIB"
  },
  {
    "area": 329560,
    "birth-rate": 16.86,
    "coastline": 1.05,
    "continent": "Asia",
    "country": "Vietnam",
    "death-rate": 6.22,
    "gdp-per-capita": 2500.0,
    "infant-mortality": 25.95,
    "literacy": "90,3",
    "net-migration": -0.45,
    "phones": "187,7",
    "population": 84402966,
    "region": "ASIA (EX. NEAR EAST)"
  },
  {
    "area": 283560,
    "birth-rate": 22.29,
    "coastline": 0.79,
    "continent": "South America",
    "country": "Ecuador",
    "death-rate": 4.23,
    "gdp-per-capita": 3300.0,
    "infant-mortality": 23.66,
    "literacy": "92,5",
    "net-migration": -8.58,
    "phones": "125,6",
    "population": 13547510,
    "region": "LATIN AMER. & CARIB"
  },
  {
    "area": 2944,
    "birth-rate": 16.43,
    "coastline": 13.69,
    "continent": "Australia",
    "country": "Samoa",
    "death-rate": 6.62,
    "gdp-per-capita": 5600.0,
    "infant-mortality": 27.71,
    "literacy": "99,7",
    "net-migration": -11.7,
    "phones": "75,2",
    "population": 176908,
    "region": "OCEANIA"
  },
  {
    "area": 637657,
    "birth-rate": 45.13,
    "coastline": 0.47,
    "continent": "Africa",
    "country": "Somalia",
    "death-rate": 16.63,
    "gdp-per-capita": 500.0,
    "infant-mortality": 116.7,
    "literacy": "37,8",
    "net-migration": 5.37,
    "phones": "11,3",
    "population": 8863338,
    "region": "SUB-SAHARAN AFRICA"
  },
  {
    "area": 176220,
    "birth-rate": 13.91,
    "coastline": 0.37,
    "continent": "South America",
    "country": "Uruguay",
    "death-rate": 9.05,
    "gdp-per-capita": 12800.0,
    "infant-mortality": 11.95,
    "literacy": "98,0",
    "net-migration": -0.32,
    "phones": "291,4",
    "population": 3431932,
    "region": "LATIN AMER. & CARIB"
  },
  {
    "area": 323802,
    "birth-rate": 11.46,
    "coastline": 7.77,
    "continent": "Europe",
    "country": "Norway",
    "death-rate": 9.4,
    "gdp-per-capita": 37800.0,
    "infant-mortality": 3.7,
    "literacy": "100,0",
    "net-migration": 1.74,
    "phones": "461,7",
    "population": 4610820,
    "region": "WESTERN EUROPE"
  },
  {
    "area": 475440,
    "birth-rate": 33.89,
    "coastline": 0.08,
    "continent": "Africa",
    "country": "Cameroon",
    "death-rate": 13.47,
    "gdp-per-capita": 1800.0,
    "infant-mortality": 68.26,
    "literacy": "79,0",
    "net-migration": 0.0,
    "phones": "5,7",
    "population": 17340702,
    "region": "SUB-SAHARAN AFRICA"
  },
  {
    "area": 3287590,
    "birth-rate": 22.01,
    "coastline": 0.21,
    "continent": "Asia",
    "country": "India",
    "death-rate": 8.18,
    "gdp-per-capita": 2900.0,
    "infant-mortality": 56.29,
    "literacy": "59,5",
    "net-migration": -0.07,
    "phones": "45,4",
    "population": 1095351995,
    "region": "ASIA (EX. NEAR EAST)"
  },
  {
    "area": 239460,
    "birth-rate": 30.52,
    "coastline": 0.23,
    "continent": "Africa",
    "country": "Ghana",
    "death-rate": 9.72,
    "gdp-per-capita": 2200.0,
    "infant-mortality": 51.43,
    "literacy": "74,8",
    "net-migration": -0.64,
    "phones": "14,4",
    "population": 22409572,
    "region": "SUB-SAHARAN AFRICA"
  },
  {
    "area": 20273,
    "birth-rate": 8.98,
    "coastline": 0.23,
    "continent": "Europe",
    "country": "Slovenia",
    "death-rate": 10.31,
    "gdp-per-capita": 19000.0,
    "infant-mortality": 4.45,
    "literacy": "99,7",
    "net-migration": 1.12,
    "phones": "406,1",
    "population": 2010347,
    "region": "EASTERN EUROPE"
  },
  {
    "area": 23000,
    "birth-rate": 39.53,
    "coastline": 1.37,
    "continent": "Africa",
    "country": "Djibouti",
    "death-rate": 19.31,
    "gdp-per-capita": 1300.0,
    "infant-mortality": 104.13,
    "literacy": "67,9",
    "net-migration": 0.0,
    "phones": "22,8",
    "population": 486530,
    "region": "SUB-SAHARAN AFRICA"
  },
  {
    "area": 923768,
    "birth-rate": 40.43,
    "coastline": 0.09,
    "continent": "Africa",
    "country": "Nigeria",
    "death-rate": 16.94,
    "gdp-per-capita": 900.0,
    "infant-mortality": 98.8,
    "literacy": "68,0",
    "net-migration": 0.26,
    "phones": "9,3",
    "population": 131859731,
    "region": "SUB-SAHARAN AFRICA"
  },
  {
    "area": 10400,
    "birth-rate": 18.52,
    "coastline": 2.16,
    "continent": "Asia",
    "country": "Lebanon",
    "death-rate": 6.21,
    "gdp-per-capita": 4800.0,
    "infant-mortality": 24.52,
    "literacy": "87,4",
    "net-migration": 0.0,
    "phones": "255,6",
    "population": 3874050,
    "region": "NEAR EAST"
  },
  {
    "area": 1919440,
    "birth-rate": 20.34,
    "coastline": 2.85,
    "continent": "Asia",
    "country": "Indonesia",
    "death-rate": 6.25,
    "gdp-per-capita": 3200.0,
    "infant-mortality": 35.6,
    "literacy": "87,9",
    "net-migration": 0.0,
    "phones": "52,0",
    "population": 245452739,
    "region": "ASIA (EX. NEAR EAST)"
  },
  {
    "area": 449964,
    "birth-rate": 10.27,
    "coastline": 0.72,
    "continent": "Europe",
    "country": "Sweden",
    "death-rate": 10.31,
    "gdp-per-capita": 26800.0,
    "infant-mortality": 2.77,
    "literacy": "99,0",
    "net-migration": 1.67,
    "phones": "715,0",
    "population": 9016596,
    "region": "WESTERN EUROPE"
  },
  {
    "area": 1972550,
    "birth-rate": 20.69,
    "coastline": 0.47,
    "continent": "North America",
    "country": "Mexico",
    "death-rate": 4.74,
    "gdp-per-capita": 9000.0,
    "infant-mortality": 20.91,
    "literacy": "92,2",
    "net-migration": -4.87,
    "phones": "181,6",
    "population": 107449525,
    "region": "LATIN AMER. & CARIB"
  },
  {
    "area": 112090,
    "birth-rate": 28.24,
    "coastline": 0.73,
    "continent": "North America",
    "country": "Honduras",
    "death-rate": 5.28,
    "gdp-per-capita": 2600.0,
    "infant-mortality": 29.32,
    "literacy": "76,2",
    "net-migration": -1.99,
    "phones": "67,5",
    "population": 7326496,
    "region": "LATIN AMER. & CARIB"
  },
  {
    "area": 237500,
    "birth-rate": 10.7,
    "coastline": 0.09,
    "continent": "Europe",
    "country": "Romania",
    "death-rate": 11.77,
    "gdp-per-capita": 7000.0,
    "infant-mortality": 26.43,
    "literacy": "98,4",
    "net-migration": -0.13,
    "phones": "196,9",
    "population": 22303552,
    "region": "EASTERN EUROPE"
  },
  {
    "area": 193,
    "birth-rate": 11.03,
    "coastline": 35.49,
    "continent": "North America",
    "country": "Aruba",
    "death-rate": 6.68,
    "gdp-per-capita": 28000.0,
    "infant-mortality": 5.89,
    "literacy": "97,0",
    "net-migration": 0.0,
    "phones": "516,1",
    "population": 71891,
    "region": "LATIN AMER. & CARIB"
  },
  {
    "area": 390580,
    "birth-rate": 28.01,
    "coastline": 0.0,
    "continent": "Africa",
    "country": "Zimbabwe",
    "death-rate": 21.84,
    "gdp-per-capita": 1900.0,
    "infant-mortality": 67.69,
    "literacy": "90,7",
    "net-migration": 0.0,
    "phones": "26,8",
    "population": 12236805,
    "region": "SUB-SAHARAN AFRICA"
  },
  {
    "area": 11437,
    "birth-rate": 15.56,
    "coastline": 4.92,
    "continent": "Asia",
    "country": "Qatar",
    "death-rate": 4.72,
    "gdp-per-capita": 21500.0,
    "infant-mortality": 18.61,
    "literacy": "82,5",
    "net-migration": 16.29,
    "phones": "232,0",
    "population": 885359,
    "region": "NEAR EAST"
  },
  {
    "area": 36120,
    "birth-rate": 37.22,
    "coastline": 0.97,
    "continent": "Africa",
    "country": "Guinea-Bissau",
    "death-rate": 16.53,
    "gdp-per-capita": 800.0,
    "infant-mortality": 107.17,
    "literacy": "42,4",
    "net-migration": -1.57,
    "phones": "7,4",
    "population": 1442029,
    "region": "SUB-SAHARAN AFRICA"
  },
  {
    "area": 19060,
    "birth-rate": 18.11,
    "coastline": 11.83,
    "continent": "Australia",
    "country": "New Caledonia",
    "death-rate": 5.69,
    "gdp-per-capita": 15000.0,
    "infant-mortality": 7.72,
    "literacy": "91,0",
    "net-migration": 0.0,
    "phones": "252,2",
    "population": 219246,
    "region": "OCEANIA"
  },
  {
    "area": 406750,
    "birth-rate": 29.1,
    "coastline": 0.0,
    "continent": "South America",
    "country": "Paraguay",
    "death-rate": 4.49,
    "gdp-per-capita": 4700.0,
    "infant-mortality": 25.63,
    "literacy": "94,0",
    "net-migration": -0.08,
    "phones": "49,2",
    "population": 6506464,
    "region": "LATIN AMER. & CARIB"
  },
  {
    "area": 274200,
    "birth-rate": 45.62,
    "coastline": 0.0,
    "continent": "Africa",
    "country": "Burkina Faso",
    "death-rate": 15.6,
    "gdp-per-capita": 1100.0,
    "infant-mortality": 97.57,
    "literacy": "26,6",
    "net-migration": 0.0,
    "phones": "7,0",
    "population": 13902972,
    "region": "SUB-SAHARAN AFRICA"
  },
  {
    "area": 301230,
    "birth-rate": 8.72,
    "coastline": 2.52,
    "continent": "Europe",
    "country": "Italy",
    "death-rate": 10.4,
    "gdp-per-capita": 26700.0,
    "infant-mortality": 5.94,
    "literacy": "98,6",
    "net-migration": 2.07,
    "phones": "430,9",
    "population": 58133509,
    "region": "WESTERN EUROPE"
  },
  {
    "area": 300,
    "birth-rate": 34.81,
    "coastline": 214.67,
    "continent": "Asia",
    "country": "Maldives",
    "death-rate": 7.06,
    "gdp-per-capita": 3900.0,
    "infant-mortality": 56.52,
    "literacy": "97,2",
    "net-migration": 0.0,
    "phones": "90,0",
    "population": 359008,
    "region": "ASIA (EX. NEAR EAST)"
  },
  {
    "area": 17075200,
    "birth-rate": 9.95,
    "coastline": 0.22,
    "continent": "Europe",
    "country": "Russia",
    "death-rate": 14.65,
    "gdp-per-capita": 8900.0,
    "infant-mortality": 15.39,
    "literacy": "99,6",
    "net-migration": 1.02,
    "phones": "280,6",
    "population": 142893540,
    "region": "C.W. OF IND. STATES"
  },
  {
    "area": 121320,
    "birth-rate": 34.33,
    "coastline": 1.84,
    "continent": "Africa",
    "country": "Eritrea",
    "death-rate": 9.6,
    "gdp-per-capita": 700.0,
    "infant-mortality": 74.87,
    "literacy": "58,6",
    "net-migration": 0.0,
    "phones": "7,9",
    "population": 4786994,
    "region": "SUB-SAHARAN AFRICA"
  },
  {
    "area": 267667,
    "birth-rate": 36.16,
    "coastline": 0.33,
    "continent": "Africa",
    "country": "Gabon",
    "death-rate": 12.25,
    "gdp-per-capita": 5500.0,
    "infant-mortality": 53.64,
    "literacy": "63,2",
    "net-migration": 0.0,
    "phones": "27,4",
    "population": 1424906,
    "region": "SUB-SAHARAN AFRICA"
  },
  {
    "area": 13790,
    "birth-rate": 12.77,
    "coastline": 3.63,
    "continent": "North America",
    "country": "Puerto Rico",
    "death-rate": 7.65,
    "gdp-per-capita": 16800.0,
    "infant-mortality": 8.24,
    "literacy": "94,1",
    "net-migration": -1.46,
    "phones": "283,1",
    "population": 3927188,
    "region": "LATIN AMER. & CARIB"
  },
  {
    "area": 338145,
    "birth-rate": 10.45,
    "coastline": 0.37,
    "continent": "Europe",
    "country": "Finland",
    "death-rate": 9.86,
    "gdp-per-capita": 27400.0,
    "infant-mortality": 3.57,
    "literacy": "100,0",
    "net-migration": 0.95,
    "phones": "405,3",
    "population": 5231372,
    "region": "WESTERN EUROPE"
  },
  {
    "area": 1240000,
    "birth-rate": 49.82,
    "coastline": 0.0,
    "continent": "Africa",
    "country": "Mali",
    "death-rate": 16.89,
    "gdp-per-capita": 900.0,
    "infant-mortality": 116.79,
    "literacy": "46,4",
    "net-migration": -0.33,
    "phones": "6,4",
    "population": 11716829,
    "region": "SUB-SAHARAN AFRICA"
  },
  {
    "area": 2170,
    "birth-rate": 36.93,
    "coastline": 15.67,
    "continent": "Africa",
    "country": "Comoros",
    "death-rate": 8.2,
    "gdp-per-capita": 700.0,
    "infant-mortality": 74.93,
    "literacy": "56,5",
    "net-migration": 0.0,
    "phones": "24,5",
    "population": 690948,
    "region": "SUB-SAHARAN AFRICA"
  },
  {
    "area": 7686850,
    "birth-rate": 12.14,
    "coastline": 0.34,
    "continent": "Australia",
    "country": "Australia",
    "death-rate": 7.51,
    "gdp-per-capita": 29000.0,
    "infant-mortality": 4.69,
    "literacy": "100,0",
    "net-migration": 3.98,
    "phones": "565,5",
    "population": 20264082,
    "region": "OCEANIA"
  },
  {
    "area": 825418,
    "birth-rate": 24.32,
    "coastline": 0.19,
    "continent": "Africa",
    "country": "Namibia",
    "death-rate": 18.86,
    "gdp-per-capita": 7200.0,
    "infant-mortality": 48.98,
    "literacy": "84,0",
    "net-migration": 0.0,
    "phones": "62,6",
    "population": 2044147,
    "region": "SUB-SAHARAN AFRICA"
  },
  {
    "area": 181040,
    "birth-rate": 26.9,
    "coastline": 0.24,
    "continent": "Asia",
    "country": "Cambodia",
    "death-rate": 9.06,
    "gdp-per-capita": 1900.0,
    "infant-mortality": 71.48,
    "literacy": "69,4",
    "net-migration": 0.0,
    "phones": "2,6",
    "population": 13881427,
    "region": "ASIA (EX. NEAR EAST)"
  },
  {
    "area": 236040,
    "birth-rate": 47.35,
    "coastline": 0.0,
    "continent": "Africa",
    "country": "Uganda",
    "death-rate": 12.24,
    "gdp-per-capita": 1400.0,
    "infant-mortality": 67.83,
    "literacy": "69,9",
    "net-migration": 0.0,
    "phones": "3,6",
    "population": 28195754,
    "region": "SUB-SAHARAN AFRICA"
  },
  {
    "area": 945087,
    "birth-rate": 37.71,
    "coastline": 0.15,
    "continent": "Africa",
    "country": "Tanzania",
    "death-rate": 16.39,
    "gdp-per-capita": 600.0,
    "infant-mortality": 98.54,
    "literacy": "78,2",
    "net-migration": -2.06,
    "phones": "4,0",
    "population": 37445392,
    "region": "SUB-SAHARAN AFRICA"
  },
  {
    "area": 27830,
    "birth-rate": 42.22,
    "coastline": 0.0,
    "continent": "Africa",
    "country": "Burundi",
    "death-rate": 13.46,
    "gdp-per-capita": 600.0,
    "infant-mortality": 69.29,
    "literacy": "51,6",
    "net-migration": -0.06,
    "phones": "3,4",
    "population": 8090068,
    "region": "SUB-SAHARAN AFRICA"
  },
  {
    "area": 82880,
    "birth-rate": 18.96,
    "coastline": 1.59,
    "continent": "Asia",
    "country": "United Arab Emirates",
    "death-rate": 4.4,
    "gdp-per-capita": 23200.0,
    "infant-mortality": 14.51,
    "literacy": "77,9",
    "net-migration": 1.03,
    "phones": "475,3",
    "population": 2602713,
    "region": "NEAR EAST"
  },
  {
    "area": 329750,
    "birth-rate": 22.86,
    "coastline": 1.42,
    "continent": "Asia",
    "country": "Malaysia",
    "death-rate": 5.05,
    "gdp-per-capita": 9000.0,
    "infant-mortality": 17.7,
    "literacy": "88,7",
    "net-migration": 0.0,
    "phones": "179,0",
    "population": 24385858,
    "region": "ASIA (EX. NEAR EAST)"
  },
  {
    "area": 78866,
    "birth-rate": 9.02,
    "coastline": 0.0,
    "continent": "Europe",
    "country": "Czech Republic",
    "death-rate": 10.59,
    "gdp-per-capita": 15700.0,
    "infant-mortality": 3.93,
    "literacy": "99,9",
    "net-migration": 0.97,
    "phones": "314,3",
    "population": 10235455,
    "region": "EASTERN EUROPE"
  },
  {
    "area": 514000,
    "birth-rate": 13.87,
    "coastline": 0.63,
    "continent": "Asia",
    "country": "Thailand",
    "death-rate": 7.04,
    "gdp-per-capita": 7400.0,
    "infant-mortality": 20.48,
    "literacy": "92,6",
    "net-migration": 0.0,
    "phones": "108,9",
    "population": 64631595,
    "region": "ASIA (EX. NEAR EAST)"
  },
  {
    "area": 70280,
    "birth-rate": 14.45,
    "coastline": 2.06,
    "continent": "Europe",
    "country": "Ireland",
    "death-rate": 7.82,
    "gdp-per-capita": 29600.0,
    "infant-mortality": 5.39,
    "literacy": "98,0",
    "net-migration": 4.99,
    "phones": "500,5",
    "population": 4062235,
    "region": "WESTERN EUROPE"
  },
  {
    "area": 18270,
    "birth-rate": 22.55,
    "coastline": 6.18,
    "continent": "Australia",
    "country": "Fiji",
    "death-rate": 5.65,
    "gdp-per-capita": 5800.0,
    "infant-mortality": 12.62,
    "literacy": "93,7",
    "net-migration": -3.14,
    "phones": "112,6",
    "population": 905949,
    "region": "OCEANIA"
  },
  {
    "area": 2717300,
    "birth-rate": 16.0,
    "coastline": 0.0,
    "continent": "Asia",
    "country": "Kazakhstan",
    "death-rate": 9.42,
    "gdp-per-capita": 6300.0,
    "infant-mortality": 29.21,
    "literacy": "98,4",
    "net-migration": -3.35,
    "phones": "164,1",
    "population": 15233244,
    "region": "C.W. OF IND. STATES"
  },
  {
    "area": 1564116,
    "birth-rate": 21.59,
    "coastline": 0.0,
    "continent": "Asia",
    "country": "Mongolia",
    "death-rate": 6.95,
    "gdp-per-capita": 1800.0,
    "infant-mortality": 53.79,
    "literacy": "97,8",
    "net-migration": 0.0,
    "phones": "55,1",
    "population": 2832224,
    "region": "ASIA (EX. NEAR EAST)"
  },
  {
    "area": 198500,
    "birth-rate": 22.8,
    "coastline": 0.0,
    "continent": "Asia",
    "country": "Kyrgyzstan",
    "death-rate": 7.08,
    "gdp-per-capita": 1600.0,
    "infant-mortality": 35.64,
    "literacy": "97,0",
    "net-migration": -2.45,
    "phones": "84,0",
    "population": 5213898,
    "region": "C.W. OF IND. STATES"
  },
  {
    "area": 527970,
    "birth-rate": 42.89,
    "coastline": 0.36,
    "continent": "Asia",
    "country": "Yemen",
    "death-rate": 8.3,
    "gdp-per-capita": 800.0,
    "infant-mortality": 61.5,
    "literacy": "50,2",
    "net-migration": 0.0,
    "phones": "37,2",
    "population": 21456188,
    "region": "NEAR EAST"
  },
  {
    "area": 9984670,
    "birth-rate": 10.78,
    "coastline": 2.02,
    "continent": "North America",
    "country": "Canada",
    "death-rate": 7.8,
    "gdp-per-capita": 29800.0,
    "infant-mortality": 4.75,
    "literacy": "97,0",
    "net-migration": 5.96,
    "phones": "552,2",
    "population": 33098932,
    "region": "NORTHERN AMERICA"
  },
  {
    "area": 262,
    "birth-rate": 12.74,
    "coastline": 61.07,
    "continent": "North America",
    "country": "Cayman Islands",
    "death-rate": 4.89,
    "gdp-per-capita": 35000.0,
    "infant-mortality": 8.19,
    "literacy": "98,0",
    "net-migration": 18.75,
    "phones": "836,3",
    "population": 45436,
    "region": "LATIN AMER. & CARIB"
  },
  {
    "area": 118480,
    "birth-rate": 43.13,
    "coastline": 0.0,
    "continent": "Africa",
    "country": "Malawi",
    "death-rate": 19.33,
    "gdp-per-capita": 600.0,
    "infant-mortality": 103.32,
    "literacy": "62,7",
    "net-migration": 0.0,
    "phones": "7,9",
    "population": 13013926,
    "region": "SUB-SAHARAN AFRICA"
  },
  {
    "area": 86600,
    "birth-rate": 20.74,
    "coastline": 0.0,
    "continent": "Europe",
    "country": "Azerbaijan",
    "death-rate": 9.75,
    "gdp-per-capita": 3400.0,
    "infant-mortality": 81.74,
    "literacy": "97,0",
    "net-migration": -4.9,
    "phones": "137,1",
    "population": 7961619,
    "region": "C.W. OF IND. STATES"
  },
  {
    "area": 2381740,
    "birth-rate": 17.14,
    "coastline": 0.04,
    "continent": "Africa",
    "country": "Algeria",
    "death-rate": 4.61,
    "gdp-per-capita": 6000.0,
    "infant-mortality": 31.0,
    "literacy": "70,0",
    "net-migration": -0.39,
    "phones": "78,1",
    "population": 32930091,
    "region": "NORTHERN AFRICA"
  },
  {
    "area": 103000,
    "birth-rate": 13.64,
    "coastline": 4.83,
    "continent": "Europe",
    "country": "Iceland",
    "death-rate": 6.72,
    "gdp-per-capita": 30900.0,
    "infant-mortality": 3.31,
    "literacy": "99,9",
    "net-migration": 2.38,
    "phones": "647,7",
    "population": 299388,
    "region": "WESTERN EUROPE"
  },
  {
    "area": 748,
    "birth-rate": 25.37,
    "coastline": 56.02,
    "continent": "Australia",
    "country": "Tonga",
    "death-rate": 5.28,
    "gdp-per-capita": 2200.0,
    "infant-mortality": 12.62,
    "literacy": "98,5",
    "net-migration": 0.0,
    "phones": "97,7",
    "population": 114689,
    "region": "OCEANIA"
  },
  {
    "area": 27750,
    "birth-rate": 36.44,
    "coastline": 6.38,
    "continent": "North America",
    "country": "Haiti",
    "death-rate": 12.17,
    "gdp-per-capita": 1600.0,
    "infant-mortality": 73.45,
    "literacy": "52,9",
    "net-migration": -3.4,
    "phones": "16,9",
    "population": 8308504,
    "region": "LATIN AMER. & CARIB"
  },
  {
    "area": 1284000,
    "birth-rate": 45.73,
    "coastline": 0.0,
    "continent": "Africa",
    "country": "Chad",
    "death-rate": 16.38,
    "gdp-per-capita": 1200.0,
    "infant-mortality": 93.82,
    "literacy": "47,5",
    "net-migration": -0.11,
    "phones": "1,3",
    "population": 9944201,
    "region": "SUB-SAHARAN AFRICA"
  }
]
